Daily automated run at Mon Oct 27 17:43:44 UTC 2025
Daily automated run at Tue Oct 28 03:27:04 UTC 2025
Daily automated run at Wed Oct 29 03:33:08 UTC 2025
Daily automated run at Thu Oct 30 03:29:07 UTC 2025
Daily automated run at Fri Oct 31 03:29:48 UTC 2025
Daily automated run at Sat Nov  1 03:28:50 UTC 2025
Daily automated run at Sun Nov  2 03:31:48 UTC 2025
Daily automated run at Mon Nov  3 03:35:35 UTC 2025
Daily automated run at Tue Nov  4 03:28:35 UTC 2025
Daily automated run at Wed Nov  5 03:29:30 UTC 2025
Daily automated run at Thu Nov  6 03:32:51 UTC 2025
Daily automated run at Fri Nov  7 03:29:18 UTC 2025
Daily automated run at Sat Nov  8 03:14:17 UTC 2025
Daily automated run at Sun Nov  9 03:30:14 UTC 2025
Daily automated run at Mon Nov 10 03:36:29 UTC 2025
